[{
	"title": "Individual Activity - Convert your double calculator to UNumber calculator",
	"activityType": "quiz",
	"quizDescription": [
		{
			"text": "<b>Purpose of the day</b><br>The purpose of this activity is move from work with double values to values based on the UNumber Class."
		},
		{
			"text": "<br>Please find the attachment file "
		},
		{
			"attachment": ["03 Individual Activity - Convert your double calculator to UNumber calculator.pdf"]
		}
	],
	"questions": [{
		"questionType": "summarize",
		"questionText": "Summarize the Individual Activity - Convert your double calculator to UNumber calculator"
	}]
	}
]