[{
	"title": "Group Discussion -  Remaining risks for the third and fourth week submissions and ideas to address them",
	"activityType": "quiz",
	"quizDescription": [
		{
			"text": "<b>Purpose of the day</b><br>The purpose of this exercise is to leverage the insights of others to help each of us consider new ideas to address problems that are blocking us"
		},
		{
			"text": "<br>Please find the attachment file "
		},
		{
			"attachment": ["08 Group Discussion -  Remaining risks for the third and fourth week submissions and ideas to address them.pdf"]
		}
	],
	"questions": [{
		"questionType": "summarize",
		"questionText": "Summarize the Group Discussion -  Remaining risks for the third and fourth week submissions and ideas to address them"
	}]
	}
]