[{
	"title": "Individual Activity - Refine the list of risks and prioritize them",
	"activityType": "quiz",
	"quizDescription": [
		{
			"text": "<b>Purpose of the day</b><br>The purpose of this exercise is to identify those things that remain to be done that could be the cause of significant problems in completing the projects on time and with quality."
		},
		{
			"text": "<br>Please find the attachment file "
		},
		{
			"attachment": ["04 Individual Activity - Refine the list of risks and prioritize them.pdf"]
		}
	],
	"questions": [{
		"questionType": "summarize",
		"questionText": "Summarize the Individual Activity - Refine the list of risks and prioritize them"
	}]
	}
]