[{
	"title": "Small Group Exercise - The regions of convergence for a square root",
	"activityType": "quiz",
	"quizDescription": [
		{
			"text": "<b>Purpose of the day</b><br>The purpose of this exercise is to explore the properties of convergence of square root."
		},
		{
			"text": "<br>Please find the come Come-prepared materials"
		},
		{
			"attachment": ["00 Come-prepared materials.zip"]
		},
		{
			"text": "<br>Please find the attachment file "
		},
		{
			"attachment": ["01 Small Group Exercise - The regions of convergence for a square root.zip"]
		}
	],
	"questions": [{
		"questionType": "summarize",
		"questionText": "Summarize the Small Group Exercise - The regions of convergence for a square root"
	}]
	}
]