[{
	"title": "Small Group Exercise - How long does it take to compute square root of 10,000 digits",
	"activityType": "quiz",
	"quizDescription": [
		{
			"text": "<b>Purpose of the day</b><br>The purpose of this exercise is to explore the properties of convergence of square root."
		},
		{
			"text": "<br>Please find the attachment file "
		},
		{
			"attachment": ["02 Small Group Exercise - How long does it take to compute square root of 10,000 digits.pdf"]
		}
	],
	"questions": [{
		"questionType": "summarize",
		"questionText": "Summarize the Small Group Exercise - How long does it take to compute square root of 10,000 digits"
	}]
	}
]