[{
	"title": "Small Group Activity - Informal peer review",
	"activityType": "quiz",
	"quizDescription": [
		{
			"text": "<b>Purpose of the day</b><br>The purpose of this exercise is to leverage the insights of others to help each of us consider new ideas to address problems that are blocking us."
		},
		{
			"text": "<br>Please find the attachment file "
		},
		{
			"attachment": ["06 Small Group Activity - Informal peer review.pdf"]
		}
	],
	"questions": [{
		"questionType": "summarize",
		"questionText": "Summarize the Small Group Activity - Informal peer review"
	}]
	}
]