[{
	"title": "Small Group Activity - Risk assessment for the third and fourth week submissions",
	"activityType": "quiz",
	"quizDescription": [
		{
			"text": "<b>Purpose of the day</b><br>The purpose of this exercise is to identify those things that remain to be done that could be the cause of significant problems in completing the projects on time and with quality."
		},
		{
			"text": "<br>Please find the attachment file "
		},
		{
			"attachment": ["03 Small Group Activity - Risk assessment for the third and fourth week submissions.pdf"]
		}
	],
	"questions": [{
		"questionType": "summarize",
		"questionText": "Summarize the Small Group Activity - Risk assessment for the third and fourth week submissions"
	}]
	}
]