[{
	"title": "Peer Review - Getting the SelectList Exercise to run",
	"activityType": "quiz",
	"quizDescription": [
		{
			"text": "<b>Purpose of the Activity</b><br>Provide insight from another source about the quality of your work and possible new ideas about how to do this work moving forward."
		},
		{
			"text": "<br>Please find the pdf file "
		},
		{
			"attachment": ["06 Peer Review - Getting the SelectList Exercise to run.pdf"]
		}
	],
	"questions": [{
		"questionType": "summarize",
		"questionText": "Summarize the Peer Review - Getting the SelectList Exercise to run"
	}]
	}
]