[{
	"title": "Small Group Activity - Issues and challenges implementing the SelectList",
	"activityType": "quiz",
	"quizDescription": [
		{
			"text": "<b>Purpose of the Activity</b><br>The purpose of this activity is to surface issue and barriers to the success completion of the selectlist exercise."
		},
		{
			"text": "<br>Please find the pdf file "
		},
		{
			"attachment": ["04 Group Activity - Issues and challenges implementing the SelectList.zip"]
		}
	],
	"questions": [{
		"questionType": "summarize",
		"questionText": "Summarize the Small Group Activity - Issues and challenges implementing the SelectList"
	}]
	}
]