[{
	"title": "Small Group Activity - What code from the sample implements the SelectList for two items",
	"activityType": "quiz",
	"quizDescription": [
		{
			"text": "<b>Purpose of the Activity</b><br>The purpose of this discussion is to explore implementation of the Swing SelectList in order to leverage it in the JavaFX implementation."
		},
		{
			"text": "<br>Please find the come prepared  "
		},
		{
			"attachment": ["00 Come-prepared materials.zip"]
		},
		{
			"text": "<br>Please find the pdf file "
		},
		{
			"attachment": ["01 Small Group Activity - What code from the sample implements the SelectList for three items.zip"]
		}
	],
	"questions": [{
		"questionType": "summarize",
		"questionText": "Summarize the Small Group Activity - What code from the sample implements the SelectList for two items"
	}]
	}
]