[{
	"title": "Small Group Exercise - Enhance the lists of English and Metric values using Damecski Figure 1",
	"activityType": "quiz",
	"quizDescription": [
		{
			"text": "<b>Purpose of the Activity</b><br>The purpose of this exercise is to make your knowledge more concrete and to be more specific to what is required to better address the client’s needs."
		},
		{
			"text": "<br>Please find the pdf file "
		},
		{
			"attachment": ["07 Small Group Exercise - Enhance the lists of English and Metric values using Damecski Figure 1.zip"]
		}
	],
	"questions": [{
		"questionType": "summarize",
		"questionText": "Summarize the Small Group Exercise - Enhance the lists of English and Metric values using Damecski Figure 1"
	}]
	}
]