[{
	"title": "01 Individual Activity - Work on the project, including the screencast",
	"activityType": "quiz",
	"quizDescription": [
		{
			"text": "<b>Purpose of the activity</b><br>The purpose of this activity is to continue to move your final calculator, it’s documentation, and your screencast toward a state that it is ready for public demonstration and release."
		},
		{
			"text": "<br>Please find the come prepared materials"
		},
		{
			"attachment": ["00 Come-prepared materials.zip"]
		},
		{
			"text": "<br>Please find the attachment file "
		},
		{
			"attachment": ["01 Individual Activity - Work on the project, including the screencast.pdf"]
		}
	],
	"questions": [{
		"questionType": "summarize",
		"questionText": "Summarize the 01 Individual Activity - Work on the project, including the screencast"
	}]
	}
]