[{
	"title": "Individual Activity - Produce an Engineering Note Book entry for this evenings work",
	"activityType": "quiz",
	"quizDescription": [
		{
			"text": "<b>Purpose of the Activity</b><br>Keeping and maintaining effective engineering notebooks for your professional work will bring significant return to you over your career. This activity is performed while you are doing the work, each and every day you perform work on the project."
		},
		{
			"text": "<br>Please find the zip file "
		},
		{
			"attachment": ["12 Individual Activity - Produce and Submit an ENB entry for today.pdf"]
		}
	],
	"questions": [{
		"questionType": "summarize",
		"questionText": "Summarize the Individual Activity - Produce an Engineering Note Book entry for this evenings work"
	}]
	}
]