[{
	"title": "Individual Activity - Implement an Error Term Recognizer (ETR) using Java",
	"activityType": "quiz",
	"quizDescription": [
		{
			"text": "<b>Purpose of the Activity</b><br>The purpose of this activity is to build upon the previous activity's work and to give you practice transforming another FSM diagram into Java."
		},
		{
			"text": "<br>Please find the attachment "
		},
		{
			"attachment": ["04 Individual Activity - Implement an Error Term Recognizer (ETR) using Java.zip"]
		}
	],
	"questions": [{
		"questionType": "summarize",
		"questionText": "Summarize the Individual Activity - Implement an Error Term Recognizer (ETR) using Java"
	}]
	}
]