[{
	"title": "Individual Activity - Produce your screencast",
	"activityType": "quiz",
	"quizDescription": [
		{
			"text": "<b>Purpose of the day</b><br>The purpose of this activity is to produce a screencast that does an accurate and professional looking and sounding job of showcasing your work."
		},
		{
			"text": "<br>Please find the attachment file "
		},
		{
			"attachment": ["05 Individual Activity - Produce your screencast.pdf"]
		}
	],
	"questions": [{
		"questionType": "summarize",
		"questionText": "Summarize the Individual Activity - Produce your screencast"
	}]
	}
]