[{
	"title": "Individual Activity - Produce an outline and activity script for this weeks screencast",
	"activityType": "quiz",
	"quizDescription": [
		{
			"text": "<b>Purpose of the day</b><br>The purpose of this activity is to further design and plan what needs to be done to produce a compelling screencast."
		},
		{
			"text": "<br>Please find the attachment file "
		},
		{
			"attachment": ["04 Individual Activity - Produce an outline and activity script for this week_s screencast.pdf"]
		}
	],
	"questions": [{
		"questionType": "summarize",
		"questionText": "Summarize the Individual Activity - Produce an outline and activity script for this weeks screencast"
	}]
	}
]