[{
	"title": "Peer Review - The double calculator with error terms",
	"activityType": "quiz",
	"quizDescription": [
		{
			"text": "<b>Purpose of the day</b><br>Provide insight from another source about the quality of your work and possible new ideas about how to do this work moving forward."
		},
		{
			"text": "<br>Please find the attachment file "
		},
		{
			"attachment": ["07 Peer Review - The double calculator with error terms.zip"]
		}
	],
	"questions": [{
		"questionType": "summarize",
		"questionText": "Summarize the Peer Review - The double calculator with error terms"
	}]
	}
]