[{
	"title": "Small Group Exercise - Help each other complete the estimate for computing a million digit square root of 2",
	"activityType": "quiz",
	"quizDescription": [
		{
			"text": "<b>Purpose of the day</b><br>The purpose of this exercise is to enhance your tools to support the use of measured values with error terms."
		},
		{
			"text": "<br>Please find the attachment file "
		},
		{
			"attachment": ["02 Small Group Exercise - Help each other complete the estimate for computing a million digit square root of 2.pdf"]
		}
	],
	"questions": [{
		"questionType": "summarize",
		"questionText": "Summarize the Small Group Exercise - Help each other complete the estimate for computing a million digit square root of 2"
	}]
	}
]