[{
	"title": "Group Activity - Peer Review practice checking the Update the CalculatorValue Class to Double",
	"activityType": "quiz",
	"quizDescription": [
		{
			"text": "<b>Purpose of the Activity</b><br>The purpose of use the power of a group to help everyone understand how to do peer reviews in a constructive and respectful manner."
		},
		{
			"text": "<br>Please find the zip"
		},
		{
			"attachment": ["07 Group Activity - Peer Review practice checking the _Update the CalculatorValue Class to Double.zip"]
		}
	],
	"questions": [{
		"questionType": "summarize",
		"questionText": "Summarize the Group Activity - Peer Review practice checking the Update the CalculatorValue Class to Double"
	}]
	}
]