[{
	"title": "Group Discussion - Recognizing input and the importance of good error messages",
	"activityType": "quiz",
	"quizDescription": [
		{
			"text": "<b>Purpose of the Activity</b><br>The purpose of this discussion is to begin the design process for the user interface of the calculator."
		},
		{
			"text": "<br>Please find the pdf file "
		},
		{
			"attachment": ["04 Group Discussion - Recognizing input and the importance of good error messages.pdf"]
		}
	],
	"questions": [{
		"questionType": "summarize",
		"questionText": "Summarize the Group Discussion - Recognizing input and the importance of good error messages"
	}]
	}
]