[{
	"title": "Small Group Exercise - JavaFX Basics",
	"activityType": "quiz",
	"quizDescription": [
		{
			"text": "<b>Purpose of the Activity</b><br>The purpose of this exercise is to start to dig deeper into how to manipulate the user interface using JavaFX."
		},
		{
			"text": "<br>Please find the pdf file "
		},
		{
			"attachment": ["02 Small Group Exercise - JavaFX Basics.pdf"]
		}
	],
	"questions": [{
		"questionType": "summarize",
		"questionText": "Summarize the Small Group Exercise - JavaFX Basics"
	}]
	}
]