[{
	"title": "Small Group Exercise - A User Interface Testbed",
	"activityType": "quiz",
	"quizDescription": [
		{
			"text": "<b>Purpose of the Activity</b><br>The purpose of this exercise is to start to dig deeper into how to manipulate the user interface using JavaFX and Finite State Machines."
		},
		{
			"text": "<br>Please find come prepared materials "
		},
		{
			"attachment": ["00 Come-prepared materials.zip"]
		},
		{
			"text": "<br>Please find zip file "
		},
		{
			"attachment": ["01 Small Group Exercise - A User Interface Testbed.zip"]
		}
	],
	"questions": [{
		"questionType": "summarize",
		"questionText": "Summarize the Small Group Exercise - A User Interface Testbed"
	}]
	}
]