[{
	"title": "Peer Review - 2. Double Calculator with Square Root and FSM Error Messages",
	"activityType": "quiz",
	"quizDescription": [
		{
			"text": "<b>Purpose of the Activity</b><br>This activity is further practice of peer reviews and is intended to help each learner improve their coding."
		},
		{
			"text": "<br>Please find the attachment "
		},
		{
			"attachment": ["04 Peer Review - 2. Double Calculator with Square Root and FSM Error Messages.zip"]
		}
	],
	"questions": [{
		"questionType": "summarize",
		"questionText": "Summarize the Peer Review - 2. Double Calculator with Square Root and FSM Error Messages"
	}]
	}
]