[{
	"title": "Small Group Exercise - Solving problems with units",
	"activityType": "quiz",
	"quizDescription": [
		{
			"text": "<b>Purpose of the Activity</b><br>The purpose of this exercise is to practice the use of units with basic computations."
		},
		{
			"text": "<br>Please find the Come prepared materials "
		},
		{
			"attachment": ["00 Come-prepared materials.zip"]
		},
		{
			"text": "<br>Please find the attachment "
		},
		{
			"attachment": ["01 Small Group Exercise - Solving problems with units.zip"]
		}
	],
	"questions": [{
		"questionType": "summarize",
		"questionText": "Summarize the Small Group Exercise - Solving problems with units"
	}]
	}
]