[{
	"title": "Individual Activity - Continue to enhance Double Calculator with Error Terms",
	"activityType": "quiz",
	"quizDescription": [
		{
			"text": "<b>Purpose of the day</b><br>The purpose of this activity is to continue to enhance the double calculator and make progress toward what is required for submission on Friday."
		},
		{
			"text": "<br>Please find the attachment file "
		},
		{
			"attachment": ["07 Individual Activity - Continue to enhance Double Calculator with Error Terms.pdf"]
		}
	],
	"questions": [{
		"questionType": "summarize",
		"questionText": "Summarize the Individual Activity - Continue to enhance Double Calculator with Error Terms"
	}]
	}
]