[{
	"title": "Small Group Exercise - Do basic arithmetic with UNumber",
	"activityType": "quiz",
	"quizDescription": [
		{
			"text": "<b>Purpose of the day</b><br>The purpose of this exercise is to explore basic operations using the UNumber API."
		},
		{
			"text": "<br>Please find the come prepared materials "
		},
		{
			"attachment": ["00 Come-prepared materials.zip"]
		},
		{
			"text": "<br>Please find the attachment file "
		},
		{
			"attachment": ["01 Small Group Exercise - Do basic arithmetic with UNumber.zip"]
		}
	],
	"questions": [{
		"questionType": "summarize",
		"questionText": "Summarize the Small Group Exercise - Do basic arithmetic with UNumber"
	}]
	}
]