[{
	"title": "Reflect on the days task and Complete any incomplete jobs",
	"activityType": "quiz",
	"quizDescription": [
		{
			"text": "<b>Purpose of the Activity</b><br>Keeping and maintaining effective engineering notebooks for your professional work will bring significant return to you over your career. This activity is performed every day you perform work on the project."
		},
		{
			"text": "<br>Please find the attachment "
		},
		{
			"attachment": ["14 Individual Activity - Reflect on the day_s task and Complete any incomplete tasks.pdf"]
		}
	],
	"questions": [{
		"questionType": "summarize",
		"questionText": "Summarize the Reflect on the days task and Complete any incomplete jobs"
	}]
	}
]