[{
	"title": "Small Group Exercise - Computing with Error Terms using Multiplication and Division",
	"activityType": "quiz",
	"quizDescription": [
		{
			"text": "<b>Purpose of the Activity</b><br>The purpose of this exercise is to practice the use of basic arithmetic with measured values are expressed with error terms."
		},
		{
			"text": "<br>Please find the attachment "
		},
		{
			"attachment": ["02 Small Group Exercise - Computing with Error Terms using Multiplication and Division.zip"]
		}
	],
	"questions": [{
		"questionType": "summarize",
		"questionText": "Summarize the Small Group Exercise - Computing with Error Terms using Multiplication and Division"
	}]
	}
]