[{
	"title": "Group Discussion - The flow from Class Diagram to Sequence Diagram to running code",
	"activityType": "quiz",
	"quizDescription": [
		{
			"text": "<b>Purpose of the day</b><br>The purpose of this activity is to reflect on this design and prototyping experience in order to recognize an important work pattern."
		},
		{
			"text": "<br>Please find the attachment file "
		},
		{
			"attachment": ["07 Group Discussion - The flow from Class Diagram to Sequence Diagram to running code.pdf"]
		}
	],
	"questions": [{
		"questionType": "summarize",
		"questionText": "Summarize the Group Discussion - The flow from Class Diagram to Sequence Diagram to running code"
	}]
	}
]