[{
	"title": "Small Group Activity - Complete the creation of the UML Class Diagram",
	"activityType": "quiz",
	"quizDescription": [
		{
			"text": "<b>Purpose of the day</b><br>The purpose of this activity is finish the design choices for the GUI Units input selection."
		},
		{
			"text": "<br>Please find the attachment file "
		},
		{
			"attachment": ["03 Small Group Activity - Complete the UML Class Diagram to model the GUI for your Units selection option.pdf"]
		}
	],
	"questions": [{
		"questionType": "summarize",
		"questionText": "Summarize the Small Group Activity - Complete the creation of the UML Class Diagram"
	}]
	}
]