[{
	"title": "Group Activity - Discuss the implementation surfacing issues and insights",
	"activityType": "quiz",
	"quizDescription": [
		{
			"text": "<b>Purpose of the day</b><br>The purpose of this activity is to explore issues that are blocking progress in order to see if others have ideas on how to address them."
		},
		{
			"text": "<br>Please find the attachment"
		},
		{
			"attachment": ["09 Group Activity - Discuss the implementation surfacing issues and insights.pdf"]
		}
	],
	"questions": [{
		"questionType": "summarize",
		"questionText": "Summarize the Group Activity - Discuss the implementation surfacing issues and insights"
	}]
	}
]