[{
	"title": "Small Group Activity - Refine the design for processing values with units",
	"activityType": "quiz",
	"quizDescription": [
		{
			"text": "<b>Purpose of the day</b><br>The purpose of this activity is to leverage the peer review in order to improve the design for how units should be integrated into the calculator."
		},
		{
			"text": "<br>Please find the attachment"
		},
		{
			"attachment": ["05 Small Group Activity - Refine the design for processing values with units.pdf"]
		}
	],
	"questions": [{
		"questionType": "summarize",
		"questionText": "Summarize the Small Group Activity - Refine the design for processing values with units"
	}]
	}
]