[{
	"title": "Group Discussion - The use of screencasting in SEF",
	"activityType": "quiz",
	"quizDescription": [
		{
			"text": "<b>Purpose of the Activity</b><br>The purpose of this discussion is to explore screencasting and the role it plays in this course."
		},
		{
			"text": "<br>Please find the attachment "
		},
		{
			"attachment": ["03 Group Discussion - The use of screencasting in SEF.pdf"]
		}
	],
	"questions": [{
		"questionType": "summarize",
		"questionText": "Summarize the Group Discussion - The use of screencasting in SEF"
	}]
	}
]