[{
	"title": "Read Damevski - Expressing Measurement Units in Interfaces for Scientific Component Software",
	"activityType": "quiz",
	"quizDescription": [
		{
			"text": "<br>Please find the attachment "
		},
		{
			"attachment": ["Damevski - Expressing Measurement Units in Interfaces for Scientific Component Software.pdf"]
		}
	],
	"questions": [{
		"questionType": "summarize",
		"questionText": "Summarize the Read Damevski - Expressing Measurement Units in Interfaces for Scientific Component Software"
	}]
	}
]