[{
	"title": "Reflect on the days task and Complete any incomplete jobs",
	"activityType": "quiz",
	"quizDescription": [
		{
			"text": "<b>Purpose of the Activity</b><br>Consider the what has happened, looking for patterns, and figuring out how to improve what you are doing and how you do it."
		},
		{
			"text": "<br>Please find the attachment "
		},
		{
			"attachment": ["09 Individual Activity - Reflect on the day_s task and Complete any incomplete tasks.pdf"]
		}
	],
	"questions": [{
		"questionType": "summarize",
		"questionText": "Summarize the Reflect on the days task and Complete any incomplete jobs"
	}]
	}
]