[{
	"title": "Small Group Activity - Installing and getting the screencasting software to work",
	"activityType": "quiz",
	"quizDescription": [
		{
			"text": "<b>Purpose of the Activity</b><br>The purpose of this activity is to have small teams work to help each other install and get screencasting software to work."
		},
		{
			"text": "<br>Please find the attachment "
		},
		{
			"attachment": ["02 Small Group Activity - Installing and getting the screencasting software to work.pdf"]
		}
	],
	"questions": [{
		"questionType": "summarize",
		"questionText": "Summarize the Small Group Activity - Installing and getting the screencasting software to work"
	}]
	}
]